GRANTEE,PRIVILEGE,ADMIN_OPTION
SYS,ALTER ANY ANALYTIC VIEW,NO
SYS,DROP ANY HIERARCHY,NO
DBA,CREATE ANY HIERARCHY,NO
DBA,ALTER ANY ATTRIBUTE DIMENSION,NO
DBA,CREATE ANY ATTRIBUTE DIMENSION,NO
DBA,CREATE ATTRIBUTE DIMENSION,NO
DBA,ALTER ANY MEASURE FOLDER,NO
SYS,LOGMINING,NO
DBA,LOGMINING,NO
DBA,CREATE ANY CREDENTIAL,NO
DBA,CREATE CREDENTIAL,NO
SYS,DROP LOCKDOWN PROFILE,NO
DBA,DROP LOCKDOWN PROFILE,NO
DBA,CREATE LOCKDOWN PROFILE,NO
SYS,INHERIT ANY PRIVILEGES,NO
MDSYS,INHERIT ANY PRIVILEGES,NO
SYSKM,ADMINISTER KEY MANAGEMENT,YES
DBA,CREATE ANY SQL TRANSLATION PROFILE,NO
DBA,CREATE SQL TRANSLATION PROFILE,NO
GSMADMIN_INTERNAL,ALTER DATABASE LINK,YES
IMP_FULL_DATABASE,ADMINISTER SQL MANAGEMENT OBJECT,NO
DBA,CREATE CUBE BUILD PROCESS,NO
SYS,CREATE ANY MEASURE FOLDER,NO
DBA,SELECT ANY CUBE,NO
SYS,DROP ANY CUBE,NO
DBA,DROP ANY CUBE DIMENSION,NO
DBA,SELECT ANY MINING MODEL,NO
DBA,DROP ANY MINING MODEL,NO
SYS,DROP ANY ASSEMBLY,NO
GSMADMIN_INTERNAL,CREATE EXTERNAL JOB,NO
EXP_FULL_DATABASE,READ ANY FILE GROUP,NO
SYS,MANAGE ANY FILE GROUP,NO
IMP_FULL_DATABASE,CREATE ANY SQL PROFILE,NO
SYS,DROP ANY SQL PROFILE,NO
DBA,SELECT ANY TRANSACTION,NO
SYSBACKUP,SELECT ANY TRANSACTION,NO
SCHEDULER_ADMIN,MANAGE SCHEDULER,YES
EM_EXPRESS_ALL,CREATE JOB,NO
SYS,ALTER ANY RULE,YES
SYS,CREATE RULE,YES
SYS,EXECUTE ANY RULE SET,YES
SYS,CREATE ANY RULE SET,YES
SYS,DEBUG CONNECT SESSION,NO
GGSYS,SELECT ANY DICTIONARY,NO
SYS,ON COMMIT REFRESH,NO
DBA,ON COMMIT REFRESH,NO
DBA,CREATE ANY OUTLINE,NO
DBA,CREATE ANY CONTEXT,NO
DBA,UNDER ANY VIEW,NO
SYS,CREATE OPERATOR,NO
CTXSYS,CREATE TYPE,NO
DBA,ALTER ANY MATERIALIZED VIEW,NO
DBA,DROP PROFILE,NO
EM_EXPRESS_ALL,DROP PROFILE,NO
IMP_FULL_DATABASE,ALTER PROFILE,NO
IMP_FULL_DATABASE,DROP ANY PROCEDURE,NO
DBA,SELECT ANY SEQUENCE,NO
IMP_FULL_DATABASE,CREATE ANY SEQUENCE,NO
RESOURCE,CREATE SEQUENCE,NO
MDSYS,CREATE SEQUENCE,NO
SYS,DROP ANY VIEW,NO
SYS,CREATE VIEW,NO
RECOVERY_CATALOG_OWNER,CREATE VIEW,NO
SYS,CREATE PUBLIC SYNONYM,NO
DBA,CREATE ANY SYNONYM,NO
SYS,DROP ANY CLUSTER,NO
DBA,CREATE ANY CLUSTER,NO
IMP_FULL_DATABASE,INSERT ANY TABLE,NO
IMP_FULL_DATABASE,CREATE ANY TABLE,NO
GGSYS,CREATE ANY TABLE,NO
AUDSYS,CREATE TABLE,NO
SYSTEM,CREATE TABLE,NO
DBA,ALTER ROLLBACK SEGMENT,NO
SYS,ALTER USER,NO
DBA,ALTER USER,NO
IMP_FULL_DATABASE,ALTER USER,NO
SYSBACKUP,DROP TABLESPACE,NO
DBA,ALTER TABLESPACE,NO
DBA,CREATE TABLESPACE,NO
GSMADMIN_INTERNAL,CREATE TABLESPACE,NO
EM_EXPRESS_ALL,CREATE TABLESPACE,NO
DBA,ALTER SESSION,NO
IMP_FULL_DATABASE,CREATE SESSION,NO
DATAPUMP_EXP_FULL_DATABASE,CREATE SESSION,NO
DBA,DROP LOGICAL PARTITION TRACKING,NO
DBA,ALTER ANY CUBE BUILD PROCESS,NO
SYS,SELECT ANY CUBE BUILD PROCESS,NO
DBA,SELECT ANY MEASURE FOLDER,NO
SYS,CREATE LOCKDOWN PROFILE,NO
GSMADMIN_INTERNAL,SET CONTAINER,NO
DBA,CREATE PLUGGABLE DATABASE,NO
CTXSYS,INHERIT ANY PRIVILEGES,NO
SYS,FLASHBACK ARCHIVE ADMINISTER,NO
DBA,FLASHBACK ARCHIVE ADMINISTER,NO
EM_EXPRESS_ALL,ADMINISTER SQL MANAGEMENT OBJECT,NO
DBA,UPDATE ANY CUBE BUILD PROCESS,NO
SYS,DROP ANY CUBE BUILD PROCESS,NO
SYS,CREATE CUBE BUILD PROCESS,NO
SYS,DROP ANY MEASURE FOLDER,NO
DBA,DELETE ANY MEASURE FOLDER,NO
DBA,CREATE MEASURE FOLDER,NO
SYS,SELECT ANY CUBE DIMENSION,NO
DBA,DELETE ANY CUBE DIMENSION,NO
SYS,EXECUTE ASSEMBLY,NO
SYS,ALTER ANY EDITION,NO
DBA,ADMINISTER ANY SQL TUNING SET,NO
OEM_ADVISOR,ADMINISTER SQL TUNING SET,NO
SYS,SELECT ANY TRANSACTION,NO
CTXSYS,MANAGE SCHEDULER,NO
DBA,CREATE ANY JOB,NO
SYS,DROP ANY RULE,YES
DBA,ALTER ANY RULE SET,NO
DBA,CREATE RULE SET,NO
AQ_ADMINISTRATOR_ROLE,CREATE RULE SET,YES
DBA,DROP ANY EVALUATION CONTEXT,NO
DBA,ALTER ANY EVALUATION CONTEXT,NO
DBA,CREATE EVALUATION CONTEXT,NO
SYS,FLASHBACK ANY TABLE,NO
DBA,DEBUG CONNECT ANY,NO
DBA,DROP ANY CONTEXT,NO
IMP_FULL_DATABASE,DROP ANY CONTEXT,NO
IMP_FULL_DATABASE,MANAGE ANY QUEUE,NO
SYS,UNDER ANY VIEW,NO
SYS,CREATE ANY INDEXTYPE,NO
SYS,CREATE ANY OPERATOR,NO
IMP_FULL_DATABASE,CREATE ANY LIBRARY,NO
DBA,CREATE LIBRARY,NO
SYS,EXECUTE ANY TYPE,NO
IMP_FULL_DATABASE,CREATE ANY TYPE,NO
IMP_FULL_DATABASE,DROP ANY DIRECTORY,NO
DBA,CREATE ANY MATERIALIZED VIEW,NO
DBA,ALTER PROFILE,NO
SYS,CREATE PROFILE,NO
SYS,DROP ANY TRIGGER,NO
DBA,ALTER ANY TRIGGER,NO
IMP_FULL_DATABASE,ALTER ANY TRIGGER,NO
DBA,CREATE TRIGGER,NO
CTXSYS,CREATE TRIGGER,NO
DBA,CREATE PROCEDURE,NO
RECOVERY_CATALOG_OWNER,CREATE PROCEDURE,NO
DBA,FORCE TRANSACTION,NO
SYSBACKUP,ALTER DATABASE,NO
IMP_FULL_DATABASE,ALTER DATABASE,NO
DATAPUMP_IMP_FULL_DATABASE,GRANT ANY ROLE,NO
EM_EXPRESS_ALL,CREATE ROLE,NO
SYS,DROP PUBLIC DATABASE LINK,NO
GSMADMIN_INTERNAL,CREATE PUBLIC DATABASE LINK,NO
IMP_FULL_DATABASE,CREATE DATABASE LINK,NO
CTXAPP,CREATE SEQUENCE,NO
DBA,DROP ANY VIEW,NO
SYS,CREATE ANY VIEW,NO
SYS,DROP PUBLIC SYNONYM,NO
MDSYS,DROP PUBLIC SYNONYM,NO
SYS,DROP ANY SYNONYM,NO
SYS,DROP ANY INDEX,NO
GGSYS,ALTER ANY INDEX,NO
IMP_FULL_DATABASE,CREATE ANY CLUSTER,NO
SYS,CREATE CLUSTER,NO
DBA,UPDATE ANY TABLE,NO
IMP_FULL_DATABASE,UPDATE ANY TABLE,NO
DBA,LOCK ANY TABLE,NO
DBA,DROP ANY TABLE,NO
GSMADMIN_INTERNAL,CREATE ANY TABLE,NO
IMP_FULL_DATABASE,DROP ROLLBACK SEGMENT,NO
SYS,DROP USER,NO
EM_EXPRESS_ALL,DROP USER,NO
SYS,UNLIMITED TABLESPACE,NO
GSMADMIN_INTERNAL,DROP TABLESPACE,NO
GSMADMIN_INTERNAL,ALTER TABLESPACE,NO
DBA,RESTRICTED SESSION,NO
GSMADMIN_INTERNAL,ALTER SESSION,NO
IMP_FULL_DATABASE,AUDIT SYSTEM,NO
DBA,ALTER SYSTEM,NO
SYSBACKUP,ALTER SYSTEM,NO
GSMUSER_ROLE,ALTER SYSTEM,NO
DBA,CREATE LOGICAL PARTITION TRACKING,NO
SYSBACKUP,ENABLE DIAGNOSTICS,NO
DBA,ALTER ANY ANALYTIC VIEW,NO
DBA,CREATE ANY ANALYTIC VIEW,NO
SYS,CREATE ANALYTIC VIEW,NO
DBA,CREATE HIERARCHY,NO
SYS,DROP ANY ATTRIBUTE DIMENSION,NO
DBA,USE ANY JOB RESOURCE,NO
SYS,CREATE ANY CREDENTIAL,NO
SYS,EM EXPRESS CONNECT,NO
DBA,DROP ANY SQL TRANSLATION PROFILE,NO
SYS,DELETE ANY MEASURE FOLDER,NO
SYS,UPDATE ANY CUBE,NO
DBA,DROP ANY CUBE,NO
DBA,CREATE CUBE,NO
SYS,DELETE ANY CUBE DIMENSION,NO
SYS,CREATE CUBE DIMENSION,NO
SYS,CHANGE NOTIFICATION,NO
SYS,ADMINISTER ANY SQL TUNING SET,NO
DBA,ADMINISTER SQL TUNING SET,NO
DBA,MANAGE SCHEDULER,NO
SCHEDULER_ADMIN,EXECUTE ANY PROGRAM,YES
SYS,CREATE JOB,NO
DBA,ANALYZE ANY DICTIONARY,NO
DBA,ALTER ANY RULE,NO
SYS,IMPORT FULL DATABASE,NO
SYS,CREATE RULE SET,YES
DBA,EXECUTE ANY EVALUATION CONTEXT,NO
DBA,CREATE ANY EVALUATION CONTEXT,NO
SYSBACKUP,SELECT ANY DICTIONARY,NO
OEM_MONITOR,SELECT ANY DICTIONARY,NO
SYS,RESUMABLE,NO
SYSBACKUP,RESUMABLE,NO
LBACSYS,ADMINISTER DATABASE TRIGGER,NO
IMP_FULL_DATABASE,ADMINISTER RESOURCE MANAGER,NO
APPQOSSYS,ADMINISTER RESOURCE MANAGER,NO
SYS,ALTER ANY OUTLINE,NO
RECOVERY_CATALOG_OWNER_VPD,DROP ANY CONTEXT,NO
AQ_ADMINISTRATOR_ROLE,MANAGE ANY QUEUE,YES
SYS,DROP ANY DIMENSION,NO
DBA,DROP ANY DIMENSION,NO
SYS,CREATE ANY DIMENSION,NO
DBA,CREATE DIMENSION,NO
SYS,CREATE INDEXTYPE,NO
DBA,ALTER ANY OPERATOR,NO
DBA,ALTER ANY LIBRARY,NO
SYS,CREATE ANY LIBRARY,NO
DBA,UNDER ANY TYPE,NO
DBA,EXECUTE ANY TYPE,NO
EXP_FULL_DATABASE,EXECUTE ANY TYPE,NO
IMP_FULL_DATABASE,ALTER ANY TYPE,NO
SYS,DROP ANY DIRECTORY,NO
SYS,CREATE ANY DIRECTORY,NO
SYS,CREATE MATERIALIZED VIEW,NO
DBA,GRANT ANY PRIVILEGE,NO
EM_EXPRESS_ALL,GRANT ANY PRIVILEGE,NO
IMP_FULL_DATABASE,ALTER RESOURCE COST,NO
IMP_FULL_DATABASE,DROP PROFILE,NO
EM_EXPRESS_ALL,ALTER PROFILE,NO
DBA,CREATE PROFILE,NO
DV_ACCTMGR,CREATE PROFILE,NO
RESOURCE,CREATE PROCEDURE,NO
CTXSYS,CREATE PROCEDURE,NO
SYS,ALTER DATABASE,NO
DBA,ALTER DATABASE,NO
DATAPUMP_IMP_FULL_DATABASE,AUDIT ANY,NO
EM_EXPRESS_ALL,ALTER ANY ROLE,NO
SYS,GRANT ANY ROLE,NO
SYS,DROP ANY ROLE,NO
DBA,CREATE PUBLIC DATABASE LINK,NO
EXP_FULL_DATABASE,SELECT ANY SEQUENCE,NO
IMP_FULL_DATABASE,DROP ANY SEQUENCE,NO
SYS,CREATE ANY SEQUENCE,NO
DBA,CREATE ANY SEQUENCE,NO
RECOVERY_CATALOG_OWNER,CREATE SEQUENCE,NO
DBA,CREATE ANY VIEW,NO
DBA,CREATE PUBLIC SYNONYM,NO
RECOVERY_CATALOG_OWNER,CREATE SYNONYM,NO
GSMADMIN_INTERNAL,ALTER ANY INDEX,NO
DBA,CREATE ANY INDEX,NO
DBA,CREATE CLUSTER,NO
SYS,DELETE ANY TABLE,NO
DBA,DELETE ANY TABLE,NO
DATAPUMP_IMP_FULL_DATABASE,DELETE ANY TABLE,NO
SYSTEM,SELECT ANY TABLE,NO
DATAPUMP_IMP_FULL_DATABASE,SELECT ANY TABLE,NO
IMP_FULL_DATABASE,COMMENT ANY TABLE,NO
GSMADMIN_INTERNAL,LOCK ANY TABLE,NO
IMP_FULL_DATABASE,ALTER ANY TABLE,NO
GGSYS,ALTER ANY TABLE,NO
RECOVERY_CATALOG_OWNER,CREATE TABLE,NO
DV_ACCTMGR,ALTER USER,NO
DBSNMP,UNLIMITED TABLESPACE,NO
CTXSYS,UNLIMITED TABLESPACE,NO
EM_EXPRESS_ALL,DROP TABLESPACE,NO
SYSDG,ALTER SESSION,NO
RECOVERY_CATALOG_OWNER,CREATE SESSION,NO
SYSDG,ALTER SYSTEM,NO
SYS,DROP ANY ANALYTIC VIEW,NO
DBA,DROP ANY ANALYTIC VIEW,NO
DBA,ALTER ANY HIERARCHY,NO
SYS,EXECUTE DYNAMIC MLE,NO
SYS,USE ANY JOB RESOURCE,NO
GSMADMIN_INTERNAL,CREATE ANY CREDENTIAL,NO
SYS,CREATE CREDENTIAL,NO
SYS,ALTER LOCKDOWN PROFILE,NO
CONNECT,SET CONTAINER,NO
EM_EXPRESS_ALL,SET CONTAINER,NO
EXP_FULL_DATABASE,ADMINISTER SQL MANAGEMENT OBJECT,NO
DBA,CREATE ANY CUBE BUILD PROCESS,NO
DBA,INSERT ANY MEASURE FOLDER,NO
SYS,SELECT ANY CUBE,NO
DBA,CREATE ANY CUBE,NO
SYS,CREATE CUBE,NO
DBA,SELECT ANY CUBE DIMENSION,NO
SYS,DROP ANY CUBE DIMENSION,NO
DBA,EXECUTE ASSEMBLY,NO
DBA,EXECUTE ANY ASSEMBLY,NO
SYS,CREATE ANY ASSEMBLY,NO
SYS,CREATE ASSEMBLY,NO
DBA,CREATE ASSEMBLY,NO
SYS,READ ANY FILE GROUP,NO
DBA,MANAGE ANY FILE GROUP,NO
SYS,MANAGE FILE GROUP,NO
DBA,EXECUTE ANY CLASS,NO
SCHEDULER_ADMIN,CREATE ANY JOB,YES
AUDSYS,CREATE JOB,NO
AVTUNE_PKG_ROLE,CREATE JOB,NO
SCHEDULER_ADMIN,CREATE JOB,YES
OEM_MONITOR,CREATE JOB,NO
CTXSYS,CREATE JOB,NO
SYS,EXECUTE ANY RULE,YES
SYS,CREATE ANY RULE,YES
DBA,CREATE RULE,NO
AQ_ADMINISTRATOR_ROLE,CREATE RULE,YES
SYS,EXPORT FULL DATABASE,NO
DBA,EXPORT FULL DATABASE,NO
DBA,CREATE ANY RULE SET,NO
SYS,ALTER ANY EVALUATION CONTEXT,YES
SYS,CREATE ANY EVALUATION CONTEXT,YES
AQ_ADMINISTRATOR_ROLE,CREATE EVALUATION CONTEXT,YES
SYS,GRANT ANY OBJECT PRIVILEGE,NO
IMP_FULL_DATABASE,GRANT ANY OBJECT PRIVILEGE,NO
DATAPUMP_IMP_FULL_DATABASE,GRANT ANY OBJECT PRIVILEGE,NO
EM_EXPRESS_ALL,GRANT ANY OBJECT PRIVILEGE,NO
DBA,DEBUG CONNECT SESSION,NO
DBSNMP,SELECT ANY DICTIONARY,NO
IMP_FULL_DATABASE,RESUMABLE,NO
DBA,MERGE ANY VIEW,NO
EM_EXPRESS_ALL,ADMINISTER RESOURCE MANAGER,NO
DBA,DROP ANY OUTLINE,NO
DBA,MANAGE ANY QUEUE,NO
DBA,CREATE ANY DIMENSION,NO
SYS,GLOBAL QUERY REWRITE,NO
IMP_FULL_DATABASE,GLOBAL QUERY REWRITE,NO
DBA,QUERY REWRITE,NO
IMP_FULL_DATABASE,DROP ANY OPERATOR,NO
IMP_FULL_DATABASE,CREATE ANY OPERATOR,NO
IMP_FULL_DATABASE,DROP ANY LIBRARY,NO
SYS,ALTER ANY LIBRARY,NO
XDB,CREATE LIBRARY,NO
SYS,CREATE TYPE,NO
DBA,DROP ANY DIRECTORY,NO
IMP_FULL_DATABASE,CREATE ANY DIRECTORY,NO
SYS,ALTER ANY MATERIALIZED VIEW,NO
EXP_FULL_DATABASE,ANALYZE ANY,NO
DV_ACCTMGR,DROP PROFILE,NO
DATAPUMP_IMP_FULL_DATABASE,ALTER PROFILE,NO
IMP_FULL_DATABASE,CREATE PROFILE,NO
DBA,DROP ANY TRIGGER,NO
SYS,CREATE ANY TRIGGER,NO
DBA,CREATE ANY TRIGGER,NO
IMP_FULL_DATABASE,CREATE ANY TRIGGER,NO
RECOVERY_CATALOG_OWNER,CREATE TRIGGER,NO
EXP_FULL_DATABASE,EXECUTE ANY PROCEDURE,NO
SYS,CREATE PROCEDURE,NO
DBA,FORCE ANY TRANSACTION,NO
SYS,FORCE TRANSACTION,NO
DATAPUMP_IMP_FULL_DATABASE,ALTER DATABASE,NO
EM_EXPRESS_ALL,GRANT ANY ROLE,NO
DBA,CREATE DATABASE LINK,NO
SYS,CREATE SEQUENCE,NO
IMP_FULL_DATABASE,DROP ANY VIEW,NO
MDSYS,CREATE PUBLIC SYNONYM,NO
RECOVERY_CATALOG_OWNER_VPD,CREATE ANY SYNONYM,NO
SYS,CREATE SYNONYM,NO
DBA,DROP ANY INDEX,NO
IMP_FULL_DATABASE,DROP ANY INDEX,NO
DBA,ALTER ANY CLUSTER,NO
RESOURCE,CREATE CLUSTER,NO
IMP_FULL_DATABASE,DELETE ANY TABLE,NO
SYS,INSERT ANY TABLE,NO
EXP_FULL_DATABASE,SELECT ANY TABLE,NO
GGSYS,SELECT ANY TABLE,NO
DBA,COMMENT ANY TABLE,NO
DBA,BACKUP ANY TABLE,NO
SYS,ALTER ANY TABLE,NO
GSMADMIN_INTERNAL,ALTER ANY TABLE,NO
DBA,CREATE TABLE,NO
EXP_FULL_DATABASE,CREATE TABLE,NO
SYS,DROP ROLLBACK SEGMENT,NO
DBA,DROP ROLLBACK SEGMENT,NO
DATAPUMP_IMP_FULL_DATABASE,ALTER USER,NO
IMP_FULL_DATABASE,CREATE USER,NO
EM_EXPRESS_ALL,CREATE USER,NO
SYSBACKUP,UNLIMITED TABLESPACE,NO
DVSYS,UNLIMITED TABLESPACE,NO
SYS,DROP TABLESPACE,NO
DBA,DROP TABLESPACE,NO
SYS,MANAGE TABLESPACE,NO
SYS,ALTER SESSION,NO
AVTUNE_PKG_ROLE,ALTER SESSION,NO
DATAPATCH_ROLE,ALTER SESSION,NO
CONNECT,CREATE SESSION,NO
EXP_FULL_DATABASE,CREATE SESSION,NO
GSMUSER_ROLE,CREATE SESSION,NO
APPQOSSYS,CREATE SESSION,NO
GSMCATUSER,CREATE SESSION,NO
DBA,DROP ANY HIERARCHY,NO
SYS,CREATE ATTRIBUTE DIMENSION,NO
DBSNMP,INHERIT ANY PRIVILEGES,NO
DBA,EM EXPRESS CONNECT,NO
SYS,USE ANY SQL TRANSLATION PROFILE,NO
DBA,ALTER ANY SQL TRANSLATION PROFILE,NO
DBA,ADMINISTER SQL MANAGEMENT OBJECT,NO
SYS,UPDATE ANY CUBE BUILD PROCESS,NO
DBA,CREATE ANY MEASURE FOLDER,NO
SYS,CREATE MEASURE FOLDER,NO
SYS,ALTER ANY CUBE,NO
DBA,INSERT ANY CUBE DIMENSION,NO
DBA,CREATE CUBE DIMENSION,NO
DBA,ALTER ANY ASSEMBLY,NO
DBA,CREATE ANY EDITION,NO
DBA,CREATE EXTERNAL JOB,NO
DBA,READ ANY FILE GROUP,NO
DBA,MANAGE FILE GROUP,NO
SYS,MANAGE SCHEDULER,NO
GSMADMIN_INTERNAL,MANAGE SCHEDULER,NO
SYS,EXECUTE ANY PROGRAM,NO
DBA,CREATE ANY RULE,NO
DBA,EXECUTE ANY RULE SET,NO
SYS,ALTER ANY RULE SET,YES
DBA,FLASHBACK ANY TABLE,NO
DBA,DEBUG ANY PROCEDURE,NO
SYSDG,SELECT ANY DICTIONARY,NO
GSMADMIN_INTERNAL,SELECT ANY DICTIONARY,NO
DBA,RESUMABLE,NO
SYS,ADMINISTER DATABASE TRIGGER,NO
IMP_FULL_DATABASE,ADMINISTER DATABASE TRIGGER,NO
DBA,ADMINISTER RESOURCE MANAGER,NO
EXP_FULL_DATABASE,ADMINISTER RESOURCE MANAGER,NO
DBA,ALTER ANY OUTLINE,NO
RECOVERY_CATALOG_OWNER_VPD,CREATE ANY CONTEXT,NO
SYSTEM,DEQUEUE ANY QUEUE,YES
AQ_ADMINISTRATOR_ROLE,ENQUEUE ANY QUEUE,YES
SYS,UNDER ANY TABLE,NO
DBA,UNDER ANY TABLE,NO
SYS,ALTER ANY INDEXTYPE,NO
SYS,DROP ANY OPERATOR,NO
SYS,ALTER ANY OPERATOR,NO
DBA,CREATE OPERATOR,NO
SYS,DROP ANY LIBRARY,NO
SYS,CREATE LIBRARY,NO
SYS,UNDER ANY TYPE,NO
IMP_FULL_DATABASE,EXECUTE ANY TYPE,NO
SYS,ALTER ANY TYPE,NO
SYS,CREATE ANY TYPE,NO
DBA,DROP ANY MATERIALIZED VIEW,NO
SYS,CREATE ANY MATERIALIZED VIEW,NO
DBA,CREATE MATERIALIZED VIEW,NO
AVTUNE_PKG_ROLE,CREATE MATERIALIZED VIEW,NO
DBA,ANALYZE ANY,NO
DBA,ALTER RESOURCE COST,NO
DV_ACCTMGR,ALTER PROFILE,NO
DATAPUMP_IMP_FULL_DATABASE,CREATE PROFILE,NO
EM_EXPRESS_ALL,CREATE PROFILE,NO
SYS,ALTER ANY TRIGGER,NO
SYS,CREATE TRIGGER,NO
SYS,ALTER ANY PROCEDURE,NO
IMP_FULL_DATABASE,ALTER ANY PROCEDURE,NO
SYS,CREATE ANY PROCEDURE,NO
IMP_FULL_DATABASE,CREATE ANY PROCEDURE,NO
AUDIT_ADMIN,AUDIT ANY,NO
DBA,DROP ANY ROLE,NO
DBA,CREATE ROLE,NO
SYS,CREATE PUBLIC DATABASE LINK,NO
GGSYS,CREATE DATABASE LINK,NO
SYS,SELECT ANY SEQUENCE,NO
SYS,DROP ANY SEQUENCE,NO
DBA,DROP ANY SEQUENCE,NO
XDB,CREATE VIEW,NO
MDSYS,CREATE VIEW,NO
DBA,DROP PUBLIC SYNONYM,NO
XDB,DROP PUBLIC SYNONYM,NO
IMP_FULL_DATABASE,DROP ANY SYNONYM,NO
SYS,CREATE ANY SYNONYM,NO
DBA,CREATE SYNONYM,NO
DBA,ALTER ANY INDEX,NO
DBA,DROP ANY CLUSTER,NO
IMP_FULL_DATABASE,DROP ANY CLUSTER,NO
DBA,REDEFINE ANY TABLE,NO
DBA,SELECT ANY TABLE,NO
GSMADMIN_INTERNAL,SELECT ANY TABLE,NO
SYS,DROP ANY TABLE,NO
DBSNMP,CREATE TABLE,NO
SYS,ALTER ROLLBACK SEGMENT,NO
DBA,CREATE ROLLBACK SEGMENT,NO
IMP_FULL_DATABASE,DROP USER,NO
SYS,CREATE USER,NO
DBA,CREATE USER,NO
DV_ACCTMGR,CREATE USER,NO
GSMADMIN_INTERNAL,UNLIMITED TABLESPACE,NO
IMP_FULL_DATABASE,DROP TABLESPACE,NO
SYS,ALTER TABLESPACE,NO
IMP_FULL_DATABASE,ALTER TABLESPACE,NO
DBA,CREATE SESSION,NO
EM_EXPRESS_BASIC,CREATE SESSION,NO
DGPDB_INT,CREATE SESSION,NO
LBACSYS,CREATE SESSION,NO
SYS,AUDIT SYSTEM,NO
DATAPUMP_IMP_FULL_DATABASE,AUDIT SYSTEM,NO
SYS,ALTER SYSTEM,NO
GSMADMIN_ROLE,ALTER SYSTEM,NO
SYS,DROP LOGICAL PARTITION TRACKING,NO
DBA,CREATE ANALYTIC VIEW,NO
SYS,ALTER ANY HIERARCHY,NO
SYS,CREATE HIERARCHY,NO
DBA,DROP ANY ATTRIBUTE DIMENSION,NO
DBA,SELECT ANY CUBE BUILD PROCESS,NO
SYS,ALTER ANY MEASURE FOLDER,NO
DBA,EXECUTE DYNAMIC MLE,NO
SCHEDULER_ADMIN,CREATE CREDENTIAL,YES
DBA,ALTER LOCKDOWN PROFILE,NO
AUDSYS,SET CONTAINER,NO
CDB_DBA,SET CONTAINER,NO
SYS,CREATE ANY SQL TRANSLATION PROFILE,NO
SYS,CREATE ANY CUBE BUILD PROCESS,NO
DBA,UPDATE ANY CUBE,NO
SYS,CREATE ANY CUBE,NO
DBA,ALTER ANY MINING MODEL,NO
SYS,CREATE ANY MINING MODEL,NO
DBA,CREATE ANY MINING MODEL,NO
DBA,CREATE MINING MODEL,NO
SYS,EXECUTE ANY ASSEMBLY,NO
SYS,ALTER ANY ASSEMBLY,NO
DBA,ALTER ANY EDITION,NO
SYS,CREATE ANY EDITION,NO
SYS,CREATE EXTERNAL JOB,NO
SYS,EXECUTE ANY CLASS,NO
DBA,EXECUTE ANY PROGRAM,NO
SYS,CREATE ANY JOB,NO
GSMADMIN_INTERNAL,CREATE ANY JOB,NO
OEM_ADVISOR,CREATE JOB,NO
XDB,CREATE JOB,NO
EM_EXPRESS_ALL,ADVISOR,NO
OEM_ADVISOR,ADVISOR,NO
DBA,DROP ANY RULE,NO
DBA,DROP ANY RULE SET,NO
SYS,DROP ANY EVALUATION CONTEXT,YES
DBA,GRANT ANY OBJECT PRIVILEGE,NO
SYS,DEBUG ANY PROCEDURE,NO
DBA,SELECT ANY DICTIONARY,NO
EXP_FULL_DATABASE,RESUMABLE,NO
GSMUSER_ROLE,EXEMPT ACCESS POLICY,NO
SYS,MERGE ANY VIEW,NO
DBA,ADMINISTER DATABASE TRIGGER,NO
RECOVERY_CATALOG_OWNER_VPD,ADMINISTER DATABASE TRIGGER,NO
SYS,DROP ANY CONTEXT,NO
AQ_ADMINISTRATOR_ROLE,DEQUEUE ANY QUEUE,YES
SYS,ENQUEUE ANY QUEUE,YES
DBA,ALTER ANY DIMENSION,NO
SYS,EXECUTE ANY INDEXTYPE,NO
DBA,GLOBAL QUERY REWRITE,NO
SYSTEM,GLOBAL QUERY REWRITE,NO
IMP_FULL_DATABASE,DROP ANY INDEXTYPE,NO
RESOURCE,CREATE INDEXTYPE,NO
DBA,CREATE INDEXTYPE,NO
DBA,EXECUTE ANY OPERATOR,NO
DATAPUMP_IMP_FULL_DATABASE,EXECUTE ANY OPERATOR,NO
RESOURCE,CREATE OPERATOR,NO
RESOURCE,CREATE TYPE,NO
DBA,CREATE TYPE,NO
SYSBACKUP,CREATE ANY DIRECTORY,NO
DATAPUMP_IMP_FULL_DATABASE,GRANT ANY PRIVILEGE,NO
SYS,ALTER RESOURCE COST,NO
SYS,DROP PROFILE,NO
SYS,ALTER PROFILE,NO
RESOURCE,CREATE TRIGGER,NO
SYS,EXECUTE ANY PROCEDURE,NO
IMP_FULL_DATABASE,EXECUTE ANY PROCEDURE,NO
DVF,CREATE PROCEDURE,NO
SYS,FORCE ANY TRANSACTION,NO
SYS,AUDIT ANY,NO
SYSBACKUP,AUDIT ANY,NO
SYS,ALTER ANY ROLE,NO
IMP_FULL_DATABASE,GRANT ANY ROLE,NO
EM_EXPRESS_ALL,DROP ANY ROLE,NO
IMP_FULL_DATABASE,CREATE ROLE,NO
DVSYS,CREATE ROLE,NO
GSMADMIN_INTERNAL,DROP PUBLIC DATABASE LINK,NO
GSMADMIN_INTERNAL,CREATE DATABASE LINK,YES
IMP_FULL_DATABASE,CREATE ANY VIEW,NO
DBA,CREATE VIEW,NO
IMP_FULL_DATABASE,DROP PUBLIC SYNONYM,NO
IMP_FULL_DATABASE,CREATE PUBLIC SYNONYM,NO
XDB,CREATE PUBLIC SYNONYM,NO
DBA,DROP ANY SYNONYM,NO
RECOVERY_CATALOG_OWNER_VPD,DROP ANY SYNONYM,NO
IMP_FULL_DATABASE,CREATE ANY SYNONYM,NO
SYS,CREATE ANY CLUSTER,NO
RECOVERY_CATALOG_OWNER,CREATE CLUSTER,NO
DBA,INSERT ANY TABLE,NO
IMP_FULL_DATABASE,SELECT ANY TABLE,NO
SYS,COMMENT ANY TABLE,NO
SYS,CREATE ANY TABLE,NO
SYS,CREATE TABLE,NO
RESOURCE,CREATE TABLE,NO
AVTUNE_PKG_ROLE,CREATE TABLE,NO
CTXSYS,CREATE TABLE,NO
IMP_FULL_DATABASE,CREATE ROLLBACK SEGMENT,NO
DBA,DROP USER,NO
DV_ACCTMGR,DROP USER,NO
EM_EXPRESS_ALL,ALTER USER,NO
DBA,BECOME USER,NO
IMP_FULL_DATABASE,BECOME USER,NO
SYSBACKUP,ALTER TABLESPACE,NO
SYS,CREATE TABLESPACE,NO
IMP_FULL_DATABASE,CREATE TABLESPACE,NO
APPQOSSYS,ALTER SESSION,NO
GSMADMIN_INTERNAL,CREATE SESSION,YES
DIP,CREATE SESSION,NO
DATAPUMP_IMP_FULL_DATABASE,CREATE SESSION,NO
XDB,CREATE SESSION,NO
ANONYMOUS,CREATE SESSION,NO
DV_ACCTMGR,CREATE SESSION,YES
SYSRAC,ALTER SYSTEM,NO
GSMADMIN_INTERNAL,ALTER SYSTEM,NO
EM_EXPRESS_ALL,ALTER SYSTEM,NO
SYS,CREATE ANY ANALYTIC VIEW,NO
SYS,CREATE ANY ATTRIBUTE DIMENSION,NO
SYS,READ ANY TABLE,NO
DBA,READ ANY TABLE,NO
SYS,SELECT ANY MEASURE FOLDER,NO
EXP_FULL_DATABASE,EXEMPT REDACTION POLICY,NO
EM_EXPRESS_BASIC,EM EXPRESS CONNECT,NO
SYS,DROP ANY SQL TRANSLATION PROFILE,NO
SYS,ALTER ANY SQL TRANSLATION PROFILE,NO
SYSUMF_ROLE,ADMINISTER SQL MANAGEMENT OBJECT,NO
SYS,UPDATE ANY CUBE DIMENSION,NO
SYS,INSERT ANY MEASURE FOLDER,NO
DBA,DROP ANY MEASURE FOLDER,NO
SYS,CREATE ANY CUBE DIMENSION,NO
SYS,ALTER ANY CUBE DIMENSION,NO
DBA,COMMENT ANY MINING MODEL,NO
SYS,ALTER ANY MINING MODEL,NO
SYS,DROP ANY MINING MODEL,NO
DBA,CREATE ANY ASSEMBLY,NO
SYS,DROP ANY EDITION,NO
DBA,DROP ANY EDITION,NO
DBA,CHANGE NOTIFICATION,NO
DBA,CREATE ANY SQL PROFILE,NO
EM_EXPRESS_ALL,ADMINISTER ANY SQL TUNING SET,NO
SYS,ADMINISTER SQL TUNING SET,NO
EM_EXPRESS_ALL,ADMINISTER SQL TUNING SET,NO
SYS,ALTER ANY SQL PROFILE,NO
DBA,ALTER ANY SQL PROFILE,NO
DBA,DROP ANY SQL PROFILE,NO
IMP_FULL_DATABASE,DROP ANY SQL PROFILE,NO
SCHEDULER_ADMIN,EXECUTE ANY CLASS,YES
DBA,CREATE JOB,NO
ORACLE_OCM,CREATE JOB,NO
OEM_MONITOR,ADVISOR,NO
DBA,EXECUTE ANY RULE,NO
DBA,IMPORT FULL DATABASE,NO
SYS,DROP ANY RULE SET,YES
SYS,EXECUTE ANY EVALUATION CONTEXT,YES
SYS,ADMINISTER RESOURCE MANAGER,NO
SYS,DROP ANY OUTLINE,NO
IMP_FULL_DATABASE,CREATE ANY CONTEXT,NO
SYS,DEQUEUE ANY QUEUE,YES
SYSTEM,ENQUEUE ANY QUEUE,YES
SYS,ALTER ANY DIMENSION,NO
SYS,CREATE DIMENSION,NO
DBA,EXECUTE ANY INDEXTYPE,NO
SYS,QUERY REWRITE,NO
DBA,DROP ANY INDEXTYPE,NO
DBA,CREATE ANY INDEXTYPE,NO
IMP_FULL_DATABASE,CREATE ANY INDEXTYPE,NO
IMP_FULL_DATABASE,EXECUTE ANY OPERATOR,NO
DBA,DROP ANY OPERATOR,NO
DBA,CREATE ANY OPERATOR,NO
SYS,EXECUTE ANY LIBRARY,NO
DBA,EXECUTE ANY LIBRARY,NO
DBA,DROP ANY TYPE,NO
IMP_FULL_DATABASE,DROP ANY TYPE,NO
DBA,ALTER ANY TYPE,NO
RECOVERY_CATALOG_OWNER,CREATE TYPE,NO
IMP_FULL_DATABASE,DROP ANY MATERIALIZED VIEW,NO
SYSTEM,CREATE MATERIALIZED VIEW,NO
SYS,GRANT ANY PRIVILEGE,NO
IMP_FULL_DATABASE,GRANT ANY PRIVILEGE,NO
IMP_FULL_DATABASE,ANALYZE ANY,NO
DATAPUMP_IMP_FULL_DATABASE,ALTER RESOURCE COST,NO
MDSYS,CREATE TRIGGER,NO
DBSNMP,CREATE PROCEDURE,NO
SYSRAC,ALTER DATABASE,NO
DBA,AUDIT ANY,NO
SYS,CREATE ROLE,NO
DBA,DROP PUBLIC DATABASE LINK,NO
IMP_FULL_DATABASE,CREATE PUBLIC DATABASE LINK,NO
RECOVERY_CATALOG_OWNER,CREATE DATABASE LINK,NO
SYS,ALTER ANY SEQUENCE,NO
DBA,ALTER ANY SEQUENCE,NO
GSMADMIN_INTERNAL,DROP ANY INDEX,NO
SYS,ALTER ANY CLUSTER,NO
SYSBACKUP,CREATE ANY CLUSTER,NO
SYS,REDEFINE ANY TABLE,NO
SYS,LOCK ANY TABLE,NO
IMP_FULL_DATABASE,DROP ANY TABLE,NO
SYS,BACKUP ANY TABLE,NO
DBA,ALTER ANY TABLE,NO
SYSTEM,UNLIMITED TABLESPACE,NO
XDB,UNLIMITED TABLESPACE,NO
RECOVERY_CATALOG_OWNER,ALTER SESSION,NO
XDB,ALTER SESSION,NO
XS_CONNECT,CREATE SESSION,NO
DBSFWUSER,CREATE SESSION,NO
DBA,AUDIT SYSTEM,NO
AUDIT_ADMIN,AUDIT SYSTEM,NO
SYS,CREATE LOGICAL PARTITION TRACKING,NO
DBA,ENABLE DIAGNOSTICS,NO
SYS,CREATE ANY HIERARCHY,NO
SYS,ALTER ANY ATTRIBUTE DIMENSION,NO
SYS,ALTER ANY CUBE BUILD PROCESS,NO
SCHEDULER_ADMIN,CREATE ANY CREDENTIAL,YES
SYS,SET CONTAINER,NO
DBA,SET CONTAINER,NO
ORACLE_OCM,SET CONTAINER,NO
SYS,CREATE PLUGGABLE DATABASE,NO
GSMADMIN_INTERNAL,INHERIT ANY PRIVILEGES,NO
XDB,INHERIT ANY PRIVILEGES,NO
DBA,USE ANY SQL TRANSLATION PROFILE,NO
SYS,CREATE SQL TRANSLATION PROFILE,NO
SYS,ADMINISTER SQL MANAGEMENT OBJECT,NO
DBA,UPDATE ANY CUBE DIMENSION,NO
DBA,DROP ANY CUBE BUILD PROCESS,NO
DBA,ALTER ANY CUBE,NO
SYS,INSERT ANY CUBE DIMENSION,NO
DBA,CREATE ANY CUBE DIMENSION,NO
DBA,ALTER ANY CUBE DIMENSION,NO
SYS,COMMENT ANY MINING MODEL,NO
SYS,SELECT ANY MINING MODEL,NO
SYS,CREATE MINING MODEL,NO
DBA,DROP ANY ASSEMBLY,NO
SCHEDULER_ADMIN,CREATE EXTERNAL JOB,YES
SYS,CREATE ANY SQL PROFILE,NO
GSMADMIN_INTERNAL,CREATE JOB,NO
SYS,ADVISOR,NO
DBA,ADVISOR,NO
SYSUMF_ROLE,ADVISOR,NO
SYS,CREATE EVALUATION CONTEXT,YES
EXP_FULL_DATABASE,FLASHBACK ANY TABLE,NO
SYS,DEBUG CONNECT ANY,NO
AUDSYS,SELECT ANY DICTIONARY,NO
MDSYS,ADMINISTER DATABASE TRIGGER,NO
IMP_FULL_DATABASE,DROP ANY OUTLINE,NO
SYS,CREATE ANY OUTLINE,NO
DVSYS,DROP ANY CONTEXT,NO
SYS,CREATE ANY CONTEXT,NO
DVSYS,CREATE ANY CONTEXT,NO
DBA,DEQUEUE ANY QUEUE,NO
DBA,ENQUEUE ANY QUEUE,NO
SYS,MANAGE ANY QUEUE,YES
SYSTEM,MANAGE ANY QUEUE,YES
OEM_MONITOR,MANAGE ANY QUEUE,NO
IMP_FULL_DATABASE,DROP ANY DIMENSION,NO
IMP_FULL_DATABASE,CREATE ANY DIMENSION,NO
SYS,DROP ANY INDEXTYPE,NO
DBA,ALTER ANY INDEXTYPE,NO
SYS,EXECUTE ANY OPERATOR,NO
DBA,DROP ANY LIBRARY,NO
DBA,CREATE ANY LIBRARY,NO
SYS,DROP ANY TYPE,NO
DBA,CREATE ANY TYPE,NO
DBA,CREATE ANY DIRECTORY,NO
SYS,DROP ANY MATERIALIZED VIEW,NO
IMP_FULL_DATABASE,CREATE ANY MATERIALIZED VIEW,NO
SYS,ANALYZE ANY,NO
IMP_FULL_DATABASE,DROP ANY TRIGGER,NO
AVTUNE_PKG_ROLE,CREATE TRIGGER,NO
DBA,EXECUTE ANY PROCEDURE,NO
SYS,DROP ANY PROCEDURE,NO
DBA,DROP ANY PROCEDURE,NO
DBA,ALTER ANY PROCEDURE,NO
DBA,CREATE ANY PROCEDURE,NO
SYSDG,ALTER DATABASE,NO
GSMADMIN_INTERNAL,ALTER DATABASE,NO
IMP_FULL_DATABASE,AUDIT ANY,NO
DBA,ALTER ANY ROLE,NO
DBA,GRANT ANY ROLE,NO
IMP_FULL_DATABASE,DROP ANY ROLE,NO
IMP_FULL_DATABASE,DROP PUBLIC DATABASE LINK,NO
SYS,CREATE DATABASE LINK,NO
MDSYS,CREATE ANY SEQUENCE,NO
DBA,CREATE SEQUENCE,NO
CTXSYS,CREATE VIEW,NO
SYS,ALTER ANY INDEX,NO
SYS,CREATE ANY INDEX,NO
IMP_FULL_DATABASE,CREATE ANY INDEX,NO
SYS,UPDATE ANY TABLE,NO
SYS,SELECT ANY TABLE,YES
EXP_FULL_DATABASE,BACKUP ANY TABLE,NO
DBA,CREATE ANY TABLE,NO
SYSBACKUP,CREATE ANY TABLE,NO
DATAPUMP_EXP_FULL_DATABASE,CREATE TABLE,NO
MDSYS,CREATE TABLE,NO
SYS,CREATE ROLLBACK SEGMENT,NO
SYS,BECOME USER,NO
GGSYS,UNLIMITED TABLESPACE,NO
DBA,MANAGE TABLESPACE,NO
EM_EXPRESS_ALL,ALTER TABLESPACE,NO
SYS,RESTRICTED SESSION,NO
AUDSYS,ALTER SESSION,NO
SYSBACKUP,ALTER SESSION,NO
SYSRAC,ALTER SESSION,NO
CTXSYS,ALTER SESSION,NO
SYS,CREATE SESSION,NO
SYS$UMF,CREATE SESSION,NO
OEM_MONITOR,CREATE SESSION,NO
CTXSYS,CREATE SESSION,NO
